"ID de incidencia","Resumen","Descripción","Tipo de Incidencia","Clave del proyecto","Prioridad","Nombre de Epic","Enlace a Epic"
"1","1. Introducción","Sección principal: 1. Introducción","Epicas","OSS","Medio","1. Introducción",""
"2","Elaborar el resumen del capítulo y su conexión con los demás capítulos, anexos y formularios","Sección del informe: 1. Introducción","Tareas","OSS","Medio","","1. Introducción"
"3","Revisar qué partes del informe hay que cambiar, dado el nuevo resumen y justificaciones","Sección del informe: 1. Introducción","Tareas","OSS","Medio","","1. Introducción"
"4","1.1 Presentación de la empresa","Sección principal: 1.1 Presentación de la empresa","Epicas","OSS","Medio","1.1 Presentación de la empresa",""
"5","Ver que cumpla con las 11 preguntas del profe","Sección del informe: 1.1 Presentación de la empresa","Tareas","OSS","Medio","","1.1 Presentación de la empresa"
"6","Hacer un diagrama de contexto","Sección del informe: 1.1 Presentación de la empresa","Tareas","OSS","Medio","","1.1 Presentación de la empresa"
"7","1.2 Estructura Organizacional","Sección principal: 1.2 Estructura Organizacional","Epicas","OSS","Medio","1.2 Estructura Organizacional",""
"8","Elaborar organigrama de la estructura organizacional","Sección del informe: 1.2 Estructura Organizacional","Tareas","OSS","Medio","","1.2 Estructura Organizacional"
"9","1.3 Gobierno interno Calidad, Seguridad y Conocimiento","Sección principal: 1.3 Gobierno interno Calidad, Seguridad y Conocimiento","Epicas","OSS","Medio","1.3 Gobierno interno Calidad, Seguridad y Conocimiento",""
"10","Definir el modelo de gobierno interno de calidad, de seguridad de la información y de gestión del conocimiento: sus políticas, instancias y responsables","Sección del informe: 1.3 Gobierno interno Calidad, Seguridad y Conocimiento","Tareas","OSS","Medio","","1.3 Gobierno interno Calidad, Seguridad y Conocimiento"
"11","1.4 Experiencia y Certificaciones","Sección principal: 1.4 Experiencia y Certificaciones","Epicas","OSS","Medio","1.4 Experiencia y Certificaciones",""
"12","Inventar experiencia relevante en la industria del caso y en proyectos de complejidad equivalente","Sección del informe: 1.4 Experiencia y Certificaciones","Tareas","OSS","Medio","","1.4 Experiencia y Certificaciones"
"13","Realizar el resumen y análisis del capítulo; el detalle de los proyectos va en el Formulario T-6 (Art. 34°: al menos tres proyectos, uno con arquitectura híbrida y uno con SLA de disponibilidad ≥ 99,5 %).","Sección del informe: 1.4 Experiencia y Certificaciones","Trabajo Tecnico","OSS","Medio","","1.4 Experiencia y Certificaciones"
"14","Buscar certificaciones institucionales","Sección del informe: 1.4 Experiencia y Certificaciones","Tareas","OSS","Medio","","1.4 Experiencia y Certificaciones"
"15","1.5 Estructura para Proyecto","Sección principal: 1.5 Estructura para Proyecto","Epicas","OSS","Medio","1.5 Estructura para Proyecto",""
"16","Establecer la estructura para el proyecto: cómo se organiza la empresa para abordar el proyecto. El equipo nominado se desarrolla en el capítulo 12","Sección del informe: 1.5 Estructura para Proyecto","Tareas","OSS","Medio","","1.5 Estructura para Proyecto"
"17","1.6 Alianzas","Sección principal: 1.6 Alianzas","Epicas","OSS","Medio","1.6 Alianzas",""
"18","Definir las alianzas tecnológicas vigentes de la empresa (las alianzas específicas de este proyecto van en 12.3)","Sección del informe: 1.6 Alianzas","Trabajo Tecnico","OSS","Medio","","1.6 Alianzas"
"19","2. Introducción","Sección principal: 2. Introducción","Epicas","OSS","Medio","2. Introducción",""
"20","Redactar el resumen del capítulo y su conexión con los demás capítulos, anexos y formularios","Sección del informe: 2. Introducción","Tareas","OSS","Medio","","2. Introducción"
"21","2.1 Resumen Ejecutivo del problema","Sección principal: 2.1 Resumen Ejecutivo del problema","Epicas","OSS","Medio","2.1 Resumen Ejecutivo del problema",""
"22","Elaborar síntesis del problema, su magnitud y los actores afectados","Sección del informe: 2.1 Resumen Ejecutivo del problema","Tareas","OSS","Medio","","2.1 Resumen Ejecutivo del problema"
"23","2.2 Comprensión del problema y de la necesidad","Sección principal: 2.2 Comprensión del problema y de la necesidad","Epicas","OSS","Medio","2.2 Comprensión del problema y de la necesidad",""
"24","Comprender el problema y la necesidad: hacer el contexto de la industria y sus particularidades operacionales, regulatorias y estacionales.","Sección del informe: 2.2 Comprensión del problema y de la necesidad","Spikes","OSS","Medio","","2.2 Comprensión del problema y de la necesidad"
"25","2.3 Dimensionamiento del problema","Sección principal: 2.3 Dimensionamiento del problema","Epicas","OSS","Medio","2.3 Dimensionamiento del problema",""
"26","Dimensionar el problema: dimensionar realisticamente la magnitud del problema o desafío, con foco cualitativo y con datos cuantitativos que lo sustenten. Cada cifra debe derivar de las Bases Técnicas del caso o de un cálculo mostrado.","Sección del informe: 2.3 Dimensionamiento del problema","Trabajo Tecnico","OSS","Medio","","2.3 Dimensionamiento del problema"
"27","2.4 Actores y Grupos de Interés","Sección principal: 2.4 Actores y Grupos de Interés","Epicas","OSS","Medio","2.4 Actores y Grupos de Interés",""
"28","Identificar actores y grupos de interés: actores afectados y grupos de interés, estableciendo nivel de influencia e interés","Sección del informe: 2.4 Actores y Grupos de Interés","Tareas","OSS","Medio","","2.4 Actores y Grupos de Interés"
"29","2.5 Resumen de Requerimientos, Supuestos, Exclusiones y Restricciones","Sección principal: 2.5 Resumen de Requerimientos, Supuestos, Exclusiones y Restricciones","Epicas","OSS","Medio","2.5 Resumen de Requerimientos, Supuestos, Exclusiones y Restricciones",""
"30","Crear resumen de requerimientos, supuestos, exclusiones y restricciones","Sección del informe: 2.5 Resumen de Requerimientos, Supuestos, Exclusiones y Restricciones — Detalle: Resumen y análisis de lo que el CLIENTE requiere según las Bases, de los supuestos declarados con su fundamento, y de las exclusiones y restricciones que impone el caso. El detalle va en EMPRESA-Subdocumento2-Anexos.","Tareas","OSS","Medio","","2.5 Resumen de Requerimientos, Supuestos, Exclusiones y Restricciones"
"31","Crear un detalle llamado ONLYSIMPLESOLUTIONS con: - Listado de requerimientos - Listado de supuestos, exclusiones y restricciones - Otros listados","Sección del informe: 2.5 Resumen de Requerimientos, Supuestos, Exclusiones y Restricciones","Tareas","OSS","Medio","","2.5 Resumen de Requerimientos, Supuestos, Exclusiones y Restricciones"
"32","3. Introducción","Sección principal: 3. Introducción","Epicas","OSS","Medio","3. Introducción",""
"33","Redactar el resumen del capítulo y su conexión con los demás capítulos, anexos y formularios","Sección del informe: 3. Introducción","Tareas","OSS","Medio","","3. Introducción"
"34","3.1 Resumen Ejecutivo de la Solución","Sección principal: 3.1 Resumen Ejecutivo de la Solución","Epicas","OSS","Medio","3.1 Resumen Ejecutivo de la Solución",""
"35","Elaborar síntesis de la solución (implementación de etapas 1 y 2; implantación con marchas blancas y pasos a producción; operación de soporte por 36 meses)","Sección del informe: 3.1 Resumen Ejecutivo de la Solución","Tareas","OSS","Medio","","3.1 Resumen Ejecutivo de la Solución"
"36","3.2 Alcance","Sección principal: 3.2 Alcance","Epicas","OSS","Medio","3.2 Alcance",""
"37","Revisar el alcance, qué tecnologías vamos a pedir o usar, etc.","Sección del informe: 3.2 Alcance","Tareas","OSS","Medio","","3.2 Alcance"
"38","Identificar el alcance de la solución (Etapas, exclusiones, catálogo y criterios)","Sección del informe: 3.2 Alcance — Detalle a considerar: - Alcance de la Etapa 1 y de la Etapa 2, con separación explícita y criterios de asignación entre ambas. - Exclusiones explícitas, supuestos y restricciones del alcance. - Catálogo de requerimientos funcionales y no funcionales, priorizado y trazable (trazabilidad completa en el Formulario T-12). - Criterios de aceptación del alcance comprometido.","Tareas","OSS","Medio","","3.2 Alcance"
"39","Anexar el Formulario T-12","Sección del informe: 3.2 Alcance","Tareas","OSS","Medio","","3.2 Alcance"
"40","3.3 Esquema de solución","Sección principal: 3.3 Esquema de solución","Epicas","OSS","Medio","3.3 Esquema de solución",""
"41","Diagramar uno o varios esquemas de solución, con explicación en texto para cada uno","Sección del informe: 3.3 Esquema de solución","Trabajo Tecnico","OSS","Medio","","3.3 Esquema de solución"
"42","Documentar el esquema de solución, con explicaciones, etc.","Sección del informe: 3.3 Esquema de solución","Trabajo Tecnico","OSS","Medio","","3.3 Esquema de solución"
"43","3.4 Explicación de la Solución","Sección principal: 3.4 Explicación de la Solución","Epicas","OSS","Medio","3.4 Explicación de la Solución",""
"44","Explicar la solución desde la perspectiva operativa/negocio y su conexión con el Cap. 2 (debe mapear al 100 % con la arquitectura lógica del Cap. 4: los componentes tienen el mismo nombre en ambos capítulos)","Sección del informe: 3.4 Explicación de la Solución","Tareas","OSS","Medio","","3.4 Explicación de la Solución"
"45","4. Introducción","Sección principal: 4. Introducción","Epicas","OSS","Medio","4. Introducción",""
"46","Redactar el resumen del capítulo y su conexión con los demás capítulos, anexos y formularios","Sección del informe: 4. Introducción","Tareas","OSS","Medio","","4. Introducción"
"47","4.1 Arquitectura lógica","Sección principal: 4.1 Arquitectura lógica","Epicas","OSS","Medio","4.1 Arquitectura lógica",""
"48","Analizar inconsistencias con el esquema solución","Sección del informe: 4.1 Arquitectura lógica","Spikes","OSS","Medio","","4.1 Arquitectura lógica"
"49","Mirar el esquema solución, explicitar lo de los módulos, en base a lo del ppt. (Consultar definición microservicio)","Sección del informe: 4.1 Arquitectura lógica","Trabajo Tecnico","OSS","Medio","","4.1 Arquitectura lógica"
"50","Revisar que los actores y vistas sean consistentes con el informe, y si no lo son registrar las inconsistencias","Sección del informe: 4.1 Arquitectura lógica","Tareas","OSS","Medio","","4.1 Arquitectura lógica"
"51","Tomar el diagrama lógico, poner las mismas vistas que el esquema de solución; arreglar inconsistencias generales entre ambos diagramas","Sección del informe: 4.1 Arquitectura lógica","Trabajo Tecnico","OSS","Medio","","4.1 Arquitectura lógica"
"52","Diagramar nuevo diagrama lógico","Sección del informe: 4.1 Arquitectura lógica","Trabajo Tecnico","OSS","Medio","","4.1 Arquitectura lógica"
"53","Hacer flujos de cómo el actor interactúa con el sistema (al menos 2 dominios)","Sección del informe: 4.1 Arquitectura lógica","Trabajo Tecnico","OSS","Medio","","4.1 Arquitectura lógica"
"54","Reescribir subdocumento 4 Parte 1","Sección del informe: 4.1 Arquitectura lógica","Tareas","OSS","Medio","","4.1 Arquitectura lógica"
"55","4.1.1 Especificaciones Tecnologías de Software a utilizar","Sección principal: 4.1.1 Especificaciones Tecnologías de Software a utilizar","Epicas","OSS","Medio","4.1.1 Especificaciones Tecnologías de Software a utilizar",""
"56","Revisar stack tecnológico: lenguajes, marcos, motores, servicios y productos, justificando su selección con las alternativas evaluadas y el criterio de decisión","Sección del informe: 4.1.1 Especificaciones Tecnologías de Software a utilizar","Tareas","OSS","Medio","","4.1.1 Especificaciones Tecnologías de Software a utilizar"
"57","4.2 Arquitectura física","Sección principal: 4.2 Arquitectura física","Epicas","OSS","Medio","4.2 Arquitectura física",""
"58","Realizar el flujo físico en base al diagrama lógico","Sección del informe: 4.2 Arquitectura física","Trabajo Tecnico","OSS","Medio","","4.2 Arquitectura física"
"59","Reescribir subdocumento 4 Parte 2","Sección del informe: 4.2 Arquitectura física","Tareas","OSS","Medio","","4.2 Arquitectura física"
"60","4.2.1 Especificaciones Implementos a proveer (Hardware y Software)","Sección principal: 4.2.1 Especificaciones Implementos a proveer (Hardware y Software)","Epicas","OSS","Medio","4.2.1 Especificaciones Implementos a proveer (Hardware y Software)",""
"61","El hardware que ocupemos, anotarlo en un Excel","Sección del informe: 4.2.1 Especificaciones Implementos a proveer (Hardware y Software)","Tareas","OSS","Medio","","4.2.1 Especificaciones Implementos a proveer (Hardware y Software)"
"62","Identificar elementos de hardware que en el caso no se especifiquen, o que debamos proveer nosotros","Sección del informe: 4.2.1 Especificaciones Implementos a proveer (Hardware y Software)","Tareas","OSS","Medio","","4.2.1 Especificaciones Implementos a proveer (Hardware y Software)"
"63","4.3 Data center","Sección principal: 4.3 Data center","Epicas","OSS","Medio","4.3 Data center",""
"64","Investigar tecnologías nube, y hardware del datacenter","Sección del informe: 4.3 Data center","Spikes","OSS","Medio","","4.3 Data center"
"65","Redactar la estrategia de centros de datos (texto que precede a 4.3.1 y 4.3.2)","Sección del informe: 4.3 Data center","Tareas","OSS","Medio","","4.3 Data center"
"66","4.3.1 Especificaciones Data Center Primario","Sección principal: 4.3.1 Especificaciones Data Center Primario","Epicas","OSS","Medio","4.3.1 Especificaciones Data Center Primario",""
"67","Especificaciones del datacenter primario: identificar proveedor, definir región y zonas de disponibilidad, identificar los servicios, y definir sitio on-premise según corresponda","Sección del informe: 4.3.1 Especificaciones Data Center Primario","Tareas","OSS","Medio","","4.3.1 Especificaciones Data Center Primario"
"68","4.3.2 Especificaciones Data Center Secundario","Sección principal: 4.3.2 Especificaciones Data Center Secundario","Epicas","OSS","Medio","4.3.2 Especificaciones Data Center Secundario",""
"69","Especificaciones del datacenter secundario: definir región o sitio de recuperación, definir estrategia de replicación, establecer el RPO, establecer el RTO, y documentar el procedimiento de conmutación","Sección del informe: 4.3.2 Especificaciones Data Center Secundario","Tareas","OSS","Medio","","4.3.2 Especificaciones Data Center Secundario"
"70","5. Introducción","Sección principal: 5. Introducción","Epicas","OSS","Medio","5. Introducción",""
"71","Redactar la introducción y el resumen del capítulo, explicando la conexión con los demás capítulos","Sección del informe: 5. Introducción","Tareas","OSS","Medio","","5. Introducción"
"72","5.1 Modelo","Sección principal: 5.1 Modelo","Epicas","OSS","Medio","5.1 Modelo",""
"73","Identificar los dominios de información del sistema","Sección del informe: 5.1 Modelo","Tareas","OSS","Medio","","5.1 Modelo"
"74","Diseñar el modelo de datos para cada dominio, con figuras legibles","Sección del informe: 5.1 Modelo","Trabajo Tecnico","OSS","Medio","","5.1 Modelo"
"75","Realizar el diccionario de datos en los anexos","Sección del informe: 5.1 Modelo","Trabajo Tecnico","OSS","Medio","","5.1 Modelo"
"76","5.2 Gestión de datos","Sección principal: 5.2 Gestión de datos","Epicas","OSS","Medio","5.2 Gestión de datos",""
"77","Selección del motor y del paradigma de persistencia","Sección del informe: 5.2 Gestión de datos","Trabajo Tecnico","OSS","Medio","","5.2 Gestión de datos"
"78","Justificación de la selección considerando: transaccionalidad, consistencia, disponibilidad, relacional o no relacional (teorema CAP)","Sección del informe: 5.2 Gestión de datos","Tareas","OSS","Medio","","5.2 Gestión de datos"
"79","Definir la separación entre almacenamiento transaccional y analítico, y el modelo de explotación de la información: calidad de datos, retención, archivado y eliminación segura","Sección del informe: 5.2 Gestión de datos","Trabajo Tecnico","OSS","Medio","","5.2 Gestión de datos"
"80","5.3 Estrategia de migración","Sección principal: 5.3 Estrategia de migración","Epicas","OSS","Medio","5.3 Estrategia de migración",""
"81","Diseñar la estrategia de migración","Sección del informe: 5.3 Estrategia de migración","Tareas","OSS","Medio","","5.3 Estrategia de migración"
"82","Definir el proceso de saneamiento/limpieza de datos","Sección del informe: 5.3 Estrategia de migración","Trabajo Tecnico","OSS","Medio","","5.3 Estrategia de migración"
"83","Definir mecanismos de validación de datos migrados","Sección del informe: 5.3 Estrategia de migración","Trabajo Tecnico","OSS","Medio","","5.3 Estrategia de migración"
"84","Definir el proceso de conciliación entre origen y destino","Sección del informe: 5.3 Estrategia de migración","Tareas","OSS","Medio","","5.3 Estrategia de migración"
"85","Verificar que la migración y las ventanas de corte sean compatibles con el cronograma","Sección del informe: 5.3 Estrategia de migración","Tareas","OSS","Medio","","5.3 Estrategia de migración"
"86","5.4 Estrategia de desempeño","Sección principal: 5.4 Estrategia de desempeño","Epicas","OSS","Medio","5.4 Estrategia de desempeño",""
"87","Definir estrategias de indexación, particionamiento, caché y optimización de consultas","Sección del informe: 5.4 Estrategia de desempeño","Tareas","OSS","Medio","","5.4 Estrategia de desempeño"
"88","Justificar estas decisiones utilizando la volumetría del caso","Sección del informe: 5.4 Estrategia de desempeño","Tareas","OSS","Medio","","5.4 Estrategia de desempeño"
"89","13. Introducción","Sección principal: 13. Introducción","Epicas","OSS","Medio","13. Introducción",""
"90","Redactar el resumen del capítulo y su conexión con los demás capítulos, anexos y formularios","Sección del informe: 13. Introducción","Tareas","OSS","Medio","","13. Introducción"
"91","13.3 Innovación 3 — Tecnológica o de arquitectura","Sección principal: 13.3 Innovación 3 — Tecnológica o de arquitectura","Epicas","OSS","Medio","13.3 Innovación 3 — Tecnológica o de arquitectura",""
"92","Investigar innovaciones (conocimiento)","Sección del informe: 13.3 Innovación 3 — Tecnológica o de arquitectura","Spikes","OSS","Medio","","13.3 Innovación 3 — Tecnológica o de arquitectura"
"93","Desarrollar la innovación de base tecnológica o de arquitectura, con los siete elementos del Art. 29° y fuentes en norma APA 7.ª edición","Sección del informe: 13.3 Innovación 3 — Tecnológica o de arquitectura","Trabajo Tecnico","OSS","Medio","","13.3 Innovación 3 — Tecnológica o de arquitectura"
"94","Ligar el conocimiento al esquema solución","Sección del informe: 13.3 Innovación 3 — Tecnológica o de arquitectura","Trabajo Tecnico","OSS","Medio","","13.3 Innovación 3 — Tecnológica o de arquitectura"
"95","13.4 Innovación 4 — Modelo de negocio o de contratación","Sección principal: 13.4 Innovación 4 — Modelo de negocio o de contratación","Epicas","OSS","Medio","13.4 Innovación 4 — Modelo de negocio o de contratación",""
"96","Desarrollar la innovación de modelo de negocio o de contratación, con los siete elementos del Art. 29°","Sección del informe: 13.4 Innovación 4 — Modelo de negocio o de contratación","Tareas","OSS","Medio","","13.4 Innovación 4 — Modelo de negocio o de contratación"
