ID de incidencia,Resumen,Descripción,Tipo de Incidencia,Clave del proyecto,Prioridad,Clave Jira,Nivel,Historia padre,Etiquetas,Bloqueada por
1,1. Capítulo 1 — Presentación de la Empresa,"Épica agrupadora del capítulo 1. Reúne las secciones 1. a 1.6 del índice del informe (Formulario T-7): quién es la empresa, cómo se gobierna internamente y qué capacidades acreditan para ejecutar el proyecto.",Epicas,OSS,Medio,OSS-165,agrupadora,,cap-1,
2,1. Introducción,Sección principal: 1. Introducción,Historia,OSS,Medio,OSS-72,historia,OSS-165,cap-1|sec-1,
3,"Elaborar el resumen del capítulo y su conexión con los demás capítulos, anexos y formularios",Sección del informe: 1. Introducción,Subtarea,OSS,Medio,OSS-173,subtarea,OSS-72,cap-1|sec-1|tipo-tarea,
4,"Revisar qué partes del informe hay que cambiar, dado el nuevo resumen y justificaciones",Sección del informe: 1. Introducción,Subtarea,OSS,Medio,OSS-174,subtarea,OSS-72,cap-1|sec-1|tipo-tarea,
5,1.1 Presentación de la empresa,Sección principal: 1.1 Presentación de la empresa,Historia,OSS,Medio,OSS-69,historia,OSS-165,cap-1|sec-1-1,
6,Ver que cumpla con las 11 preguntas del profe,Sección del informe: 1. Presentación de la empresa,Subtarea,OSS,Medio,OSS-175,subtarea,OSS-69,cap-1|sec-1-1|tipo-tarea,
7,Hacer un diagrama de contexto,Sección del informe: 1.1 Presentación de la empresa,Subtarea,OSS,Medio,OSS-176,subtarea,OSS-69,cap-1|sec-1-1|tipo-tarea,
8,1.2 Estructura Organizacional,Sección principal: 1.2 Estructura Organizacional,Historia,OSS,Medio,OSS-73,historia,OSS-165,cap-1|sec-1-2,
9,Elaborar organigrama de la estructura organizacional,Sección del informe: 1.2 Estructura Organizacional,Subtarea,OSS,Medio,OSS-177,subtarea,OSS-73,cap-1|sec-1-2|tipo-tarea,
10,"1.3 Gobierno interno Calidad, Seguridad y Conocimiento","Sección principal: 1.3 Gobierno interno Calidad, Seguridad y Conocimiento",Historia,OSS,Medio,OSS-74,historia,OSS-165,cap-1|sec-1-3,
11,"Definir el modelo de gobierno interno de calidad, de seguridad de la información y de gestión del conocimiento: sus políticas, instancias y responsables","Sección del informe: 1.3 Gobierno interno Calidad, Seguridad y Conocimiento",Subtarea,OSS,Medio,OSS-178,subtarea,OSS-74,cap-1|sec-1-3|tipo-tarea,
12,1.4 Experiencia y Certificaciones,Sección principal: 1.4 Experiencia y Certificaciones,Historia,OSS,Medio,OSS-75,historia,OSS-165,cap-1|sec-1-4,
13,"Realizar el resumen y análisis del capítulo; el detalle de los proyectos va en el Formulario T-6 (Art. 34°: al menos tres proyectos, uno con arquitectura híbrida y uno con SLA de disponibilidad ≥ 99,5 %).",Sección del informe: 1.4 Experiencia y Certificaciones,Subtarea,OSS,Medio,OSS-179,subtarea,OSS-75,cap-1|sec-1-4|tipo-tt,
14,Inventar experiencia relevante en la industria del caso y en proyectos de complejidad equivalente,Sección del informe: 1.4 Experiencia y Certificaciones,Subtarea,OSS,Medio,OSS-180,subtarea,OSS-75,cap-1|sec-1-4|tipo-tarea,
15,Buscar certificaciones institucionales,Sección del informe: 1.4 Experiencia y Certificaciones,Subtarea,OSS,Medio,OSS-181,subtarea,OSS-75,cap-1|sec-1-4|tipo-tarea,
16,1.5 Estructura para Proyecto,Sección principal: 1.5 Estructura para Proyecto,Historia,OSS,Medio,OSS-76,historia,OSS-165,cap-1|sec-1-5,
17,Establecer la estructura para el proyecto: cómo se organiza la empresa para abordar el proyecto. El equipo nominado se desarrolla en el capítulo 12,Sección del informe: 1.5 Estructura para Proyecto,Subtarea,OSS,Medio,OSS-182,subtarea,OSS-76,cap-1|sec-1-5|tipo-tarea,
18,1.6 Alianzas,Sección principal: 1.6 Alianzas,Historia,OSS,Medio,OSS-77,historia,OSS-165,cap-1|sec-1-6,
19,Definir las alianzas tecnológicas vigentes de la empresa (las alianzas específicas de este proyecto van en 12.3),Sección del informe: 1.6 Alianzas,Subtarea,OSS,Medio,OSS-183,subtarea,OSS-77,cap-1|sec-1-6|tipo-tt,
20,2. Capítulo 2 — Problema y Necesidad,"Épica agrupadora del capítulo 2. Reúne las secciones 2. a 2.5: síntesis del problema, comprensión del contexto de la industria, dimensionamiento, actores e intereses, y el resumen de requerimientos, supuestos, exclusiones y restricciones.",Epicas,OSS,Medio,OSS-166,agrupadora,,cap-2,
21,2. Introducción,Sección principal: 2. Introducción,Historia,OSS,Medio,OSS-78,historia,OSS-166,cap-2|sec-2,
22,"Redactar el resumen del capítulo y su conexión con los demás capítulos, anexos y formularios",Sección del informe: 2. Introducción,Subtarea,OSS,Medio,OSS-184,subtarea,OSS-78,cap-2|sec-2|tipo-tarea,
23,2.1 Resumen Ejecutivo del problema,Sección principal: 2.1 Resumen Ejecutivo del problema,Historia,OSS,Medio,OSS-79,historia,OSS-166,cap-2|sec-2-1,
24,"Elaborar síntesis del problema, su magnitud y los actores afectados",Sección del informe: 2.1 Resumen Ejecutivo del problema,Subtarea,OSS,Medio,OSS-185,subtarea,OSS-79,cap-2|sec-2-1|tipo-tarea,
25,2.2 Comprensión del problema y de la necesidad,Sección principal: 2.2 Comprensión del problema y de la necesidad,Historia,OSS,Medio,OSS-80,historia,OSS-166,cap-2|sec-2-2,
26,"Comprender el problema y la necesidad: hacer el contexto de la industria y sus particularidades operacionales, regulatorias y estacionales.",Sección del informe: 2.2 Comprensión del problema y de la necesidad,Subtarea,OSS,Medio,OSS-186,subtarea,OSS-80,cap-2|sec-2-2|tipo-spike,
27,2.3 Dimensionamiento del problema,Sección principal: 2.3 Dimensionamiento del problema,Historia,OSS,Medio,OSS-81,historia,OSS-166,cap-2|sec-2-3,
28,"Dimensionar el problema: dimensionar realisticamente la magnitud del problema o desafío, con foco cualitativo y con datos cuantitativos que lo sustenten. Cada cifra debe derivar de las Bases Técnicas del caso o de un cálculo mostrado.",Sección del informe: 2.3 Dimensionamiento del problema,Subtarea,OSS,Medio,OSS-187,subtarea,OSS-81,cap-2|sec-2-3|tipo-tt,
29,2.4 Actores y Grupos de Interés,Sección principal: 2.4 Actores y Grupos de Interés,Historia,OSS,Medio,OSS-82,historia,OSS-166,cap-2|sec-2-4,
30,"Identificar actores y grupos de interés: actores afectados y grupos de interés, estableciendo nivel de influencia e interés",Sección del informe: 2.4 Actores y Grupos de Interés,Subtarea,OSS,Medio,OSS-188,subtarea,OSS-82,cap-2|sec-2-4|tipo-tarea,
31,"2.5 Resumen de Requerimientos, Supuestos, Exclusiones y Restricciones","Sección principal: 2.5 Resumen de Requerimientos, Supuestos, Exclusiones y Restricciones",Historia,OSS,Medio,OSS-83,historia,OSS-166,cap-2|sec-2-5,
32,"Crear resumen de requerimientos, supuestos, exclusiones y restricciones","Sección del informe: 2.5 Resumen de Requerimientos, Supuestos, Exclusiones y Restricciones — Detalle: Resumen y análisis de lo que el CLIENTE requiere según las Bases, de los supuestos declarados con su fundamento, y de las exclusiones y restricciones que impone el caso. El detalle va en EMPRESA-Subdocumento2-Anexos.",Subtarea,OSS,Medio,OSS-189,subtarea,OSS-83,cap-2|sec-2-5|tipo-tarea,
33,"Crear un detalle llamado ONLYSIMPLESOLUTIONS con: - Listado de requerimientos - Listado de supuestos, exclusiones y restricciones - Otros listados","Sección del informe: 2.5 Resumen de Requerimientos, Supuestos, Exclusiones y Restricciones",Subtarea,OSS,Medio,OSS-190,subtarea,OSS-83,cap-2|sec-2-5|tipo-tarea,
34,3. Capítulo 3 — Alcance y Esquema de la Solución,"Épica agrupadora del capítulo 3. Reúne las secciones 3. a 3.4: resumen ejecutivo de la solución, alcance, esquema de solución y explicación funcional. El alcance arrastra el Formulario T-12.",Epicas,OSS,Medio,OSS-167,agrupadora,,cap-3,
35,3. Introducción,Sección principal: 3. Introducción,Historia,OSS,Medio,OSS-84,historia,OSS-167,cap-3|sec-3,
36,"Redactar el resumen del capítulo y su conexión con los demás capítulos, anexos y formularios",Sección del informe: 3. Introducción,Subtarea,OSS,Medio,OSS-235,subtarea,OSS-84,cap-3|sec-3|tipo-tarea,
37,Verificar que el capítulo 3 responda las 11 preguntas del profesor,Sección del informe: 3. Introducción,Subtarea,OSS,Medio,OSS-237,subtarea,OSS-84,cap-3|sec-3|tipo-tarea,
38,3.1 Resumen Ejecutivo de la Solución,Sección principal: 3.1 Resumen Ejecutivo de la Solución,Historia,OSS,Medio,OSS-85,historia,OSS-167,cap-3|sec-3-1,
39,Elaborar síntesis de la solución (implementación de etapas 1 y 2; implantación con marchas blancas y pasos a producción; operación de soporte por 36 meses),Sección del informe: 3.1 Resumen Ejecutivo de la Solución,Subtarea,OSS,Medio,OSS-191,subtarea,OSS-85,cap-3|sec-3-1|tipo-tarea,
40,3.2 Alcance,Sección principal: 3.2 Alcance,Historia,OSS,Medio,OSS-86,historia,OSS-167,cap-3|sec-3-2,
41,"Redactar el resumen del capítulo y su conexión con los demás capítulos, anexos y formularios",Sección del informe: 3. Introducción,Subtarea,OSS,Medio,OSS-192,subtarea,OSS-86,cap-3|sec-3-2|tipo-tarea,
42,"Revisar el alcance, qué tecnologías vamos a pedir o usar, etc.",Sección del informe: 3.2 Alcance,Subtarea,OSS,Medio,OSS-193,subtarea,OSS-86,cap-3|sec-3-2|tipo-tarea,
43,"Identificar el alcance de la solución (Etapas, exclusiones, catálogo y criterios)","Sección del informe: 3.2 Alcance — Detalle a considerar: - Alcance de la Etapa 1 y de la Etapa 2, con separación explícita y criterios de asignación entre ambas. - Exclusiones explícitas, supuestos y restricciones del alcance. - Catálogo de requerimientos funcionales y no funcionales, priorizado y trazable (trazabilidad completa en el Formulario T-12). - Criterios de aceptación del alcance comprometido.",Subtarea,OSS,Medio,OSS-194,subtarea,OSS-86,cap-3|sec-3-2|tipo-tarea,
44,Anexar el Formulario T-12,Sección del informe: 3.2 Alcance,Subtarea,OSS,Medio,OSS-195,subtarea,OSS-86,cap-3|sec-3-2|tipo-tarea,
45,"Revisar objetivos, redacción, y alineación con proyecto",Sección del informe: 3.2 Alcance,Subtarea,OSS,Medio,OSS-236,subtarea,OSS-86,cap-3|sec-3-2|tipo-tarea,
46,Contrastar los requisitos técnicos (RT) con los requisitos del proyecto (RF/RNF),Sección del informe: 3.2 Alcance,Subtarea,OSS,Medio,OSS-238,subtarea,OSS-86,cap-3|sec-3-2|tipo-tarea,
47,Spike: revisar el PMBOK para entradas y salidas de proceso,Sección del informe: 3.2 Alcance,Subtarea,OSS,Medio,OSS-239,subtarea,OSS-86,cap-3|sec-3-2|tipo-spike,
48,Spike: investigar un enunciado de alcance,Sección del informe: 3.2 Alcance,Subtarea,OSS,Medio,OSS-240,subtarea,OSS-86,cap-3|sec-3-2|tipo-spike,
49,Definir la separación y los criterios de asignación de alcance entre la Etapa 1 y la Etapa 2 (Art. 17),"Sección del informe: 3.2 Alcance
Cubre: Bases_Administrativas.md:2089 — Alcance de la Etapa 1 y de la Etapa 2, con separación explícita y criterios de asignación entre ambas.",Subtarea,OSS,Medio,OSS-241,subtarea,OSS-86,cap-3|sec-3-2|tipo-tarea,
50,"Consolidar el catálogo de requerimientos funcionales y no funcionales, priorizado y trazable (RF/RNF ↔ T-12)","Sección del informe: 3.2 Alcance
Cubre: Bases_Administrativas.md:2093 — Catálogo de requerimientos funcionales y no funcionales, priorizado y trazable.",Subtarea,OSS,Medio,OSS-242,subtarea,OSS-86,cap-3|sec-3-2|tipo-tt,
51,"Validar los supuestos, exclusiones, requisitos y restricciones del alcance","Sección del informe: 3.2 Alcance
Se ejecuta al cerrar el resto del capítulo 3.",Subtarea,OSS,Medio,OSS-243,subtarea,OSS-86,cap-3|sec-3-2|tipo-tarea,OSS-237|OSS-238|OSS-239|OSS-240|OSS-241|OSS-242|OSS-244|OSS-245|OSS-246|OSS-247|OSS-248|OSS-249
52,Definir los criterios de aceptación del alcance comprometido,"Sección del informe: 3.2 Alcance
Cubre: Bases_Administrativas.md:2097 — Criterios de aceptación del alcance comprometido.",Subtarea,OSS,Medio,OSS-244,subtarea,OSS-86,cap-3|sec-3-2|tipo-tarea,
53,Definir la estrategia para obtener el apoyo de los grupos de interés clave,"Sección del informe: 3.2 Alcance
Cubre: Bases_Administrativas.md:2095 — Estrategia para obtener el apoyo de los grupos de interés clave.",Subtarea,OSS,Medio,OSS-245,subtarea,OSS-86,cap-3|sec-3-2|tipo-tarea,
54,Definir la frontera entre los dos negocios (retail y crédito fiscalizado) antes de cualquier vista unificada,"Sección del informe: 3.2 Alcance
Cubre: Caso_09_Cadena_Multitienda.md:988 y :997 — que la frontera entre los dos negocios esté definida antes que cualquier vista unificada.",Subtarea,OSS,Medio,OSS-246,subtarea,OSS-86,cap-3|sec-3-2|tipo-tarea,
55,3.3 Esquema de solución,Sección principal: 3.3 Esquema de solución,Historia,OSS,Medio,OSS-87,historia,OSS-167,cap-3|sec-3-3,
56,"Diagramar uno o varios esquemas de solución, con explicación en texto para cada uno",Sección del informe: 3.3 Esquema de solución,Subtarea,OSS,Medio,OSS-196,subtarea,OSS-87,cap-3|sec-3-3|tipo-tt,
57,"Documentar el esquema de solución, con explicaciones, etc.",Sección del informe: 3.3 Esquema de solución,Subtarea,OSS,Medio,OSS-197,subtarea,OSS-87,cap-3|sec-3-3|tipo-tt,
58,Spike: investigar el diagrama de contexto de la solución,Sección del informe: 3.3 Esquema de solución,Subtarea,OSS,Medio,OSS-247,subtarea,OSS-87,cap-3|sec-3-3|tipo-spike,
59,Elaborar el diagrama de contexto de la solución,Sección del informe: 3.3 Esquema de solución,Subtarea,OSS,Medio,OSS-248,subtarea,OSS-87,cap-3|sec-3-3|tipo-tt,
60,"Fuente única de verdad de la existencia y del cálculo del disponible: decisión, fundamento y costeo","Sección del informe: 3.3 Esquema de solución
Cubre: Caso_09_Cadena_Multitienda.md:988 — que la decisión sobre la fuente única de verdad de la existencia y sobre el cálculo del disponible esté tomada, fundada y costeada.",Subtarea,OSS,Medio,OSS-249,subtarea,OSS-87,cap-3|sec-3-3|tipo-tt,
61,3.4 Explicación de la Solución,Sección principal: 3.4 Explicación de la Solución,Historia,OSS,Medio,OSS-88,historia,OSS-167,cap-3|sec-3-4,
62,Explicar la solución desde la perspectiva operativa/negocio y su conexión con el Cap. 2 (debe mapear al 100 % con la arquitectura lógica del Cap. 4: los componentes tienen el mismo nombre en ambos capítulos),Sección del informe: 3.4 Explicación de la Solución,Subtarea,OSS,Medio,OSS-198,subtarea,OSS-88,cap-3|sec-3-4|tipo-tarea,
63,4. Capítulo 4 — Arquitectura Lógica,"Épica agrupadora (lógica) del capítulo 4. Reúne 4., 4.1 y 4.1.1: diagrama lógico, módulos, vistas por dominio, flujos de actor y justificación del stack de software. Debe mapear al 100 % con el esquema de solución del capítulo 3.",Epicas,OSS,Medio,OSS-168,agrupadora,,cap-4,
64,4. Introducción,Sección principal: 4. Introducción,Historia,OSS,Medio,OSS-89,historia,OSS-168,cap-4|sec-4,
65,"Redactar el resumen del capítulo y su conexión con los demás capítulos, anexos y formularios",Sección del informe: 4. Introducción,Subtarea,OSS,Medio,OSS-199,subtarea,OSS-89,cap-4|sec-4|tipo-tarea,
66,4.1 Arquitectura lógica,Sección principal: 4.1 Arquitectura lógica,Historia,OSS,Medio,OSS-90,historia,OSS-168,cap-4|sec-4-1,
67,Analizar inconsistencias con el esquema solución,Sección del informe: 4.1 Arquitectura lógica,Subtarea,OSS,Medio,OSS-200,subtarea,OSS-90,cap-4|sec-4-1|tipo-spike,
68,"Mirar el esquema solución, explicitar lo de los módulos, en base a lo del ppt. (Consultar definición microservicio)",Sección del informe: 4.1 Arquitectura lógica,Subtarea,OSS,Medio,OSS-201,subtarea,OSS-90,cap-4|sec-4-1|tipo-tt,
69,"Revisar que los actores y vistas sean consistentes con el informe, y si no lo son registrar las inconsistencias",Sección del informe: 4.1 Arquitectura lógica,Subtarea,OSS,Medio,OSS-202,subtarea,OSS-90,cap-4|sec-4-1|tipo-tarea,
70,"Tomar el diagrama lógico, poner las mismas vistas que el esquema de solución; arreglar inconsistencias generales entre ambos diagramas",Sección del informe: 4.1 Arquitectura lógica,Subtarea,OSS,Medio,OSS-203,subtarea,OSS-90,cap-4|sec-4-1|tipo-tt,
71,Diagramar nuevo diagrama lógico,Sección del informe: 4.1 Arquitectura lógica,Subtarea,OSS,Medio,OSS-204,subtarea,OSS-90,cap-4|sec-4-1|tipo-tt,
72,Hacer flujos de cómo el actor interactúa con el sistema (al menos 2 dominios),Sección del informe: 4.1 Arquitectura lógica,Subtarea,OSS,Medio,OSS-205,subtarea,OSS-90,cap-4|sec-4-1|tipo-tt,
73,Reescribir subdocumento 4 Parte 1,Sección del informe: 4.1 Arquitectura lógica,Subtarea,OSS,Medio,OSS-206,subtarea,OSS-90,cap-4|sec-4-1|tipo-tarea,
74,4.1.1 Especificaciones Tecnologías de Software a utilizar,Sección principal: 4.1.1 Especificaciones Tecnologías de Software a utilizar,Historia,OSS,Medio,OSS-91,historia,OSS-168,cap-4|sec-4-1-1,
75,"Revisar stack tecnológico: lenguajes, marcos, motores, servicios y productos, justificando su selección con las alternativas evaluadas y el criterio de decisión",Sección del informe: 4.1.1 Especificaciones Tecnologías de Software a utilizar,Subtarea,OSS,Medio,OSS-207,subtarea,OSS-91,cap-4|sec-4-1-1|tipo-tarea,
76,4. Capítulo 4 — Arquitectura Física e Implementos,"Épica agrupadora (física) del capítulo 4. Reúne 4.2 y 4.2.1: flujo físico derivado del diagrama lógico, zonas, segmentación de red e inventario de hardware y software a provisión.",Epicas,OSS,Medio,OSS-169,agrupadora,,cap-4,
77,4.2 Arquitectura física,Sección principal: 4.2 Arquitectura física,Historia,OSS,Medio,OSS-92,historia,OSS-169,cap-4|sec-4-2,
78,Realizar el flujo físico en base al diagrama lógico,Sección del informe: 4.2 Arquitectura física,Subtarea,OSS,Medio,OSS-208,subtarea,OSS-92,cap-4|sec-4-2|tipo-tt,
79,Reescribir subdocumento 4 Parte 2,Sección del informe: 4.2 Arquitectura física,Subtarea,OSS,Medio,OSS-209,subtarea,OSS-92,cap-4|sec-4-2|tipo-tarea,
80,4.2.1 Especificaciones Implementos a proveer (Hardware y Software),Sección principal: 4.2.1 Especificaciones Implementos a proveer (Hardware y Software),Historia,OSS,Medio,OSS-93,historia,OSS-169,cap-4|sec-4-2-1,
81,"El hardware que ocupemos, anotarlo en un Excel",Sección del informe: 4.2.1 Especificaciones Implementos a proveer (Hardware y Software),Subtarea,OSS,Medio,OSS-210,subtarea,OSS-93,cap-4|sec-4-2-1|tipo-tarea,
82,"Identificar elementos de hardware que en el caso no se especifiquen, o que debamos proveer nosotros",Sección del informe: 4.2.1 Especificaciones Implementos a proveer (Hardware y Software),Subtarea,OSS,Medio,OSS-211,subtarea,OSS-93,cap-4|sec-4-2-1|tipo-tarea,
83,4. Capítulo 4 — Data Center,"Épica agrupadora (data center) del capítulo 4. Reúne 4.3, 4.3.1 y 4.3.2: estrategia de centros de datos, datacenter primario y datacenter secundario. Acá se demuestra el despliegue híbrido obligatorio (Art. 16° y RT-03) y se fijan RPO, RTO y conmutación.",Epicas,OSS,Medio,OSS-170,agrupadora,,cap-4,
84,4.3 Data center,Sección principal: 4.3 Data center,Historia,OSS,Medio,OSS-94,historia,OSS-170,cap-4|sec-4-3,
85,"Investigar tecnologías nube, y hardware del datacenter",Sección del informe: 4.3 Data center,Subtarea,OSS,Medio,OSS-212,subtarea,OSS-94,cap-4|sec-4-3|tipo-spike,
86,Redactar la estrategia de centros de datos (texto que precede a 4.3.1 y 4.3.2),Sección del informe: 4.3 Data center,Subtarea,OSS,Medio,OSS-213,subtarea,OSS-94,cap-4|sec-4-3|tipo-tarea,
87,4.3.1 Especificaciones Data Center Primario,Sección principal: 4.3.1 Especificaciones Data Center Primario,Historia,OSS,Medio,OSS-95,historia,OSS-170,cap-4|sec-4-3-1,
88,"Especificaciones del datacenter primario: identificar proveedor, definir región y zonas de disponibilidad, identificar los servicios, y definir sitio on-premise según corresponda",Sección del informe: 4.3.1 Especificaciones Data Center Primario,Subtarea,OSS,Medio,OSS-214,subtarea,OSS-95,cap-4|sec-4-3-1|tipo-tarea,
89,4.3.2 Especificaciones Data Center Secundario,Sección principal: 4.3.2 Especificaciones Data Center Secundario,Historia,OSS,Medio,OSS-96,historia,OSS-170,cap-4|sec-4-3-2,
90,"Especificaciones del datacenter secundario: definir región o sitio de recuperación, definir estrategia de replicación, establecer el RPO, establecer el RTO, y documentar el procedimiento de conmutación",Sección del informe: 4.3.2 Especificaciones Data Center Secundario,Subtarea,OSS,Medio,OSS-215,subtarea,OSS-96,cap-4|sec-4-3-2|tipo-tarea,
91,5. Capítulo 5 — Modelo de Datos,"Épica agrupadora del capítulo 5. Reúne las secciones 5. a 5.4: modelo de datos por dominio, gestión de datos, estrategia de migración y estrategia de desempeño.",Epicas,OSS,Medio,OSS-171,agrupadora,,cap-5,
92,5. Introducción,Sección principal: 5. Introducción,Historia,OSS,Medio,OSS-97,historia,OSS-171,cap-5|sec-5,
93,"Redactar la introducción y el resumen del capítulo, explicando la conexión con los demás capítulos",Sección del informe: 5. Introducción,Subtarea,OSS,Medio,OSS-216,subtarea,OSS-97,cap-5|sec-5|tipo-tarea,
94,5.1 Modelo,Sección principal: 5.1 Modelo,Historia,OSS,Medio,OSS-98,historia,OSS-171,cap-5|sec-5-1,
95,Identificar los dominios de información del sistema,Sección del informe: 5.1 Modelo,Subtarea,OSS,Medio,OSS-217,subtarea,OSS-98,cap-5|sec-5-1|tipo-tarea,
96,"Diseñar el modelo de datos para cada dominio, con figuras legibles",Sección del informe: 5.1 Modelo,Subtarea,OSS,Medio,OSS-218,subtarea,OSS-98,cap-5|sec-5-1|tipo-tt,
97,Realizar el diccionario de datos en los anexos,Sección del informe: 5.1 Modelo,Subtarea,OSS,Medio,OSS-219,subtarea,OSS-98,cap-5|sec-5-1|tipo-tt,
98,5.2 Gestión de datos,Sección principal: 5.2 Gestión de datos,Historia,OSS,Medio,OSS-99,historia,OSS-171,cap-5|sec-5-2,
99,Selección del motor y del paradigma de persistencia,Sección del informe: 5.2 Gestión de datos,Subtarea,OSS,Medio,OSS-220,subtarea,OSS-99,cap-5|sec-5-2|tipo-tt,
100,"Justificación de la selección considerando: transaccionalidad, consistencia, disponibilidad, relacional o no relacional (teorema CAP)",Sección del informe: 5.2 Gestión de datos,Subtarea,OSS,Medio,OSS-221,subtarea,OSS-99,cap-5|sec-5-2|tipo-tarea,
101,"Definir la separación entre almacenamiento transaccional y analítico, y el modelo de explotación de la información: calidad de datos, retención, archivado y eliminación segura",Sección del informe: 5.2 Gestión de datos,Subtarea,OSS,Medio,OSS-222,subtarea,OSS-99,cap-5|sec-5-2|tipo-tt,
102,5.3 Estrategia de migración,Sección principal: 5.3 Estrategia de migración,Historia,OSS,Medio,OSS-100,historia,OSS-171,cap-5|sec-5-3,
103,Diseñar la estrategia de migración,Sección del informe: 5.3 Estrategia de migración,Subtarea,OSS,Medio,OSS-223,subtarea,OSS-100,cap-5|sec-5-3|tipo-tarea,
104,Definir el proceso de saneamiento/limpieza de datos,Sección del informe: 5.3 Estrategia de migración,Subtarea,OSS,Medio,OSS-224,subtarea,OSS-100,cap-5|sec-5-3|tipo-tt,
105,Definir mecanismos de validación de datos migrados,Sección del informe: 5.3 Estrategia de migración,Subtarea,OSS,Medio,OSS-225,subtarea,OSS-100,cap-5|sec-5-3|tipo-tt,
106,Definir el proceso de conciliación entre origen y destino,Sección del informe: 5.3 Estrategia de migración,Subtarea,OSS,Medio,OSS-226,subtarea,OSS-100,cap-5|sec-5-3|tipo-tarea,
107,Verificar que la migración y las ventanas de corte sean compatibles con el cronograma,Sección del informe: 5.3 Estrategia de migración,Subtarea,OSS,Medio,OSS-227,subtarea,OSS-100,cap-5|sec-5-3|tipo-tarea,
108,5.4 Estrategia de desempeño,Sección principal: 5.4 Estrategia de desempeño,Historia,OSS,Medio,OSS-101,historia,OSS-171,cap-5|sec-5-4,
109,"Definir estrategias de indexación, particionamiento, caché y optimización de consultas",Sección del informe: 5.4 Estrategia de desempeño,Subtarea,OSS,Medio,OSS-228,subtarea,OSS-101,cap-5|sec-5-4|tipo-tarea,
110,Justificar estas decisiones utilizando la volumetría del caso,Sección del informe: 5.4 Estrategia de desempeño,Subtarea,OSS,Medio,OSS-229,subtarea,OSS-101,cap-5|sec-5-4|tipo-tarea,
111,13. Capítulo 13 — Innovaciones,"Épica agrupadora del capítulo 13. Reúne 13., 13.3 y 13.4. Solo se cargan las innovaciones 3 y 4: las 1 y 2 todavía no tienen secciones en el índice del informe y deben agregarse aparte.",Epicas,OSS,Medio,OSS-172,agrupadora,,cap-13,
112,13. Introducción,Sección principal: 13. Introducción,Historia,OSS,Medio,OSS-102,historia,OSS-172,cap-13|sec-13,
113,"Redactar el resumen del capítulo y su conexión con los demás capítulos, anexos y formularios",Sección del informe: 13. Introducción,Subtarea,OSS,Medio,OSS-230,subtarea,OSS-102,cap-13|sec-13|tipo-tarea,
114,13.3 Innovación 3 — Tecnológica o de arquitectura,Sección principal: 13.3 Innovación 3 — Tecnológica o de arquitectura,Historia,OSS,Medio,OSS-103,historia,OSS-172,cap-13|sec-13-3,
115,Investigar innovaciones (conocimiento),Sección del informe: 13.3 Innovación 3 — Tecnológica o de arquitectura,Subtarea,OSS,Medio,OSS-231,subtarea,OSS-103,cap-13|sec-13-3|tipo-spike,
116,"Desarrollar la innovación de base tecnológica o de arquitectura, con los siete elementos del Art. 29° y fuentes en norma APA 7.ª edición",Sección del informe: 13.3 Innovación 3 — Tecnológica o de arquitectura,Subtarea,OSS,Medio,OSS-232,subtarea,OSS-103,cap-13|sec-13-3|tipo-tt,
117,Ligar el conocimiento al esquema solución,Sección del informe: 13.3 Innovación 3 — Tecnológica o de arquitectura,Subtarea,OSS,Medio,OSS-233,subtarea,OSS-103,cap-13|sec-13-3|tipo-tt,
118,13.4 Innovación 4 — Modelo de negocio o de contratación,Sección principal: 13.4 Innovación 4 — Modelo de negocio o de contratación,Historia,OSS,Medio,OSS-104,historia,OSS-172,cap-13|sec-13-4,
119,"Desarrollar la innovación de modelo de negocio o de contratación, con los siete elementos del Art. 29°",Sección del informe: 13.4 Innovación 4 — Modelo de negocio o de contratación,Subtarea,OSS,Medio,OSS-234,subtarea,OSS-104,cap-13|sec-13-4|tipo-tarea,
